--- CATEGORIAS
INSERT INTO categorias (id, nome, slug) VALUES (1, 'Projetos', 'projetos');
INSERT INTO categorias (id, nome, slug) VALUES (2, 'Mentoria', 'mentoria');
INSERT INTO categorias (id, nome, slug) VALUES (3, 'Emprego', 'emprego');
INSERT INTO categorias (id, nome, slug) VALUES (4, 'Currículo', 'curriculo');
INSERT INTO categorias (id, nome, slug) VALUES (5, 'Portfólio', 'portfolio');
INSERT INTO categorias (id, nome, slug) VALUES (6, 'Tecnologia', 'tecnologia');
INSERT INTO categorias (id, nome, slug) VALUES (7, 'Inovação', 'inovacao');


-- IMAGENS
INSERT INTO imagens VALUES (1, 'image/jpeg', 'https://images.axios.com/hG7NPWz6WfM7M7GqYCmEdPi7wMs=/0x177:5000x2989/1920x1080/2020/01/27/1580138967736.jpg' );
INSERT INTO imagens VALUES (2, 'image/jpeg', 'https://images.wsj.net/im-147344/social');
INSERT INTO imagens VALUES (3, 'image/jpeg', 'https://image.cnbcfm.com/api/v1/image/106357037-1580138714730gettyimages-1196587384.jpeg?v=1580138758' );
INSERT INTO imagens VALUES (4, 'image/jpeg', 'https://www.washingtoncountyinsider.com/wp-content/uploads/2020/01/0-120.jpg' );
INSERT INTO imagens VALUES (5, 'image/jpeg', 'https://www.washingtoncountyinsider.com/wp-content/uploads/2020/01/0-120.jpg' );


--- AUTORES
INSERT INTO autores (id, avatar, email, linkedin, minibio, nome, slug) VALUES(1, 'http://secure.gravatar.com/avatar/d5fa8ac362cee221a068e9c036d555c5', 'giuliano@universifica.com', 'https://www.linkedin.com/in/giuliano-ginani-0a1a6826/', 'Doutor em Neurociências, Professor Universitário e Gestor Universitário na área de Pesquisas, Projetos e Extensão Universitária.', 'Giuliano Ginani', 'giuliano-ginani');

INSERT INTO autores (id, avatar, email, linkedin, minibio, nome, slug) VALUES(2, 'https://secure.gravatar.com/avatar/24b877fee597b656f3d0564ba0cd6ef3', 'luana@universifica.com', 'https://www.linkedin.com/in/luana-guillande-126b6b32/', 'Designer e Desenvolvedora Front End, Especialista em Engenharia e Qualidade de Software.', 'Luana Guillande', 'luana-guillande');

--- ARTIGOS
INSERT INTO artigos (id, conteudo, data_publicacao, descricao, destaque, slug, titulo, imagem_destaque_id) VALUES(1, 'Na vida universitária somos desafiados a realizar os mais diversos projetos para desenvolver competências preparando o caminho para assumir as profissões que desejamos. São pequenos ensaios sobre nossas profissões, você já pensou sobre isso?&/Quando pensamos em projetos universitários em geral podemos classificá-los em 3 categorias gerais, de acordo com suas características e exigências. Claro que em um determinado projeto que você esteja realizando é possível ter elementos dos 3 tipos, mas sempre predomina um em questão.&/Os três tipos de projetos são diferentes, em geral, pela sua natureza e objetivos centrais, abaixo apresentemos uma descrição breve de cada um deles:&/Extensão Universitária: São projetos de contato direto com a comunidade, muitas vezes prestando serviços. Clínicas escola, Capacitações, Eventos culturais são exemplos comuns e permitem desenvolver a capacidade de problematização, empatia e atendimento direto à população. Alguns exemplos seriam: um projeto para redução de violência nas escolas, organização de um cursinho pré-universitário comunitário ou mesmo palestras para prevenção de uma determinada doença.&/Iniciação Científica: São projetos que visam aproximar os alunos da aplicação do método científico tentando responder perguntas bem definidas e em geral fazem parte da linha de pesquisa de um professor orientador. Estas pesquisas podem ser feitas em ambiente controlado como laboratórios ou não, de acordo com a abordagem utilizada. Estas atividades permitem desenvolver a capacidade de desenvolver hipóteses e escolher métodos adequados a cada uma delas. Eis alguns exemplos: Identificação das propriedades terapêuticas de uma planta, Comparação entre diferentes técnicas utilizadas, Mapeamento das características de um determinado grupo.&/Inovação tecnológica: São projetos dedicados a criação de novos negócios e tecnologias, tem forte apelo na aplicabilidade da ciência no desenvolvimento de produtos. Estas pesquisas são direcionadas a solucionar um problema criando uma proposta de valor, com isso os estudantes têm a possibilidade de desenvolver a capacidade de modelagem de negócios e refletir sobre o uso prático de conceitos acadêmicos. Criação de dispositivos de automação para o agronegócio, Desenvolvimento de novas técnicas de diagnóstico em saúde, Elaboração de processos mais eficientes para o funcionamento de empresas são exemplos deste tipo de projeto.&/Cada um desses tipos de projetos permite desenvolver competências importantes para melhorar a capacidade de adaptação aos diferentes cenários de trabalho que tem surgido ao longo do tempo, vale saber disso para poder criar oportunidades durante sua formação.&/Você já realizou algum projeto no seu curso de graduação? Ele se encaixa em qual tipo de projeto? O que poderia aprender com cada um desses projetos?', '2020-04-28 21:07:59.058', NULL, 1, 'voce-sabe-qual-tipo-do-projeto-esta-fazendo', 'Você sabe qual o tipo do projeto que está fazendo?', 1);

INSERT INTO artigos (id, conteudo, data_publicacao, descricao, destaque, slug, titulo, imagem_destaque_id) VALUES(2, 'Qualquer pessoa hoje que está fazendo um curso superior ou planeja entrar nos próximos anos tem que entender que de nada adianta pensar com a mentalidade que empregou seus próprios professores.&/E isso não é um problema, é a evolução natural das relações de trabalho e empregabilidade. E dessa evolução surgem as novas perspectivas da adaptabilidade a este cenário.&/Hoje nos locais que são referência em desenvolvimento já se fala que não se contrata mais por diplomas e sim pelas competências, o que começa a evidenciar porque certos modelos de currículo têm destino certeiro nas gavetas. &/Neste sentido o currículo padrão utilizado nas gerações antigas, listagem de diplomas, cursos e empregos anteriores já não trazem a certeza de uma contratação. Em seu lugar surgem os portfólios de projetos, ou seja, a comprovação prática das suas competências que vão fazer a empresa decidir por você ou não.&/Para compor um portfólio não há escapatória, é preciso realizar. E dessa forma os estudantes universitários precisam ficar atentos, a hora de realizar é durante o curso, desenvolvendo competências com experiências reais. A vida profissional já começa na sua matrícula, já pensou nisso?&/E vamos ser sinceros, realizar projetos além de aumentar a empregabilidade cria a condição de autonomia profissional da trabalhabilidade, afinal as principais consultorias do mundo já indicam que é possível que, em breve, se reduzam os postos de emprego, mas sempre será possível ter oportunidades de trabalho de acordo com seu potencial realizador.&/Um outro motivo para a realização de projetos durante a faculdade é a possibilidade de experimentar diferentes áreas e práticas profissionais em ambiente controlado, em pequenos ensaios, permitindo identificar que rumo dar a sua profissão aumentando a satisfação e a realização pessoal.&/No momento em que vivemos uma aceleração constante das mudanças no mundo, vale ter a tranquilidade que estamos nos formando para um mundo que ainda não conhecemos e, por isso, quanto mais desenvolver competências para lidar com o novo e saber criar soluções adequadas aos contextos mais estaremos criando as chances de nossa adaptação ao futuros trabalhos.&/Você já está criando seu portfólio de projetos? Já foi orientado de como desenvolver suas competências? Sabe como começar? &/', '2020-04-28 21:13:25.742', NULL, 0, 'por-que-um-portfolio-de-projetos-garante-mais-empregabilidade', 'Por que um portfólio de projetos garante mais empregabilidade', 2);

INSERT INTO artigos (id, conteudo, data_publicacao, descricao, destaque, slug, titulo, imagem_destaque_id) VALUES(3, 'Você já entendeu o papel do mentor em seu projeto? Usa isso a seu favor?&/É comum na realidade de aprendizagem baseada em projetos termos além de nossos professores orientadores a figura do mentor.&/O mentor tem um papel muito importante que não fica restrito à realização do projeto em si, ele está conectado com o seu presente e futuro profissional.&/O mentor traz a contribuição de alguém além dos muros da faculdade, alguém inserido diretamente no cenário que seu projeto está sendo realizado, o que traz muitas vantagens.&/A primeira é ter uma visão mais elaborada do projeto, identificando as características necessárias para a criação da solução com maior possibilidade de atender a demanda real.&/Além de aumentar a chance de sucesso na criação de sua solução, temos também a criação da rede de relação relacionamento profissional ou network, muito importante para desenvolvimento de parcerias e mesmo servir de indicação para futuras contratações.&/O mentor tem um papel de se integrar ao projeto contribuindo com sua experiência e tendo o benefício de contribuir com a formação de novos profissionais, aumentar também sua rede de contatos e mesmo descobrir novos talentos.&/A ideia aqui não é reduzir o papel do professor orientador, ele tem sua importância crucial na formação de qualquer pessoa, mas não deve ser se exigir dele que tenha a experiência e esteja conectado diretamente a todas as demandas reais do mercado que surgirem para o desenvolvimento de projetos.&/A parceria entre professor orientador e mentor é crucial para que seu currículo seja mais que uma lista de projetos numa folha de papel. As conexões formadas e a validação que estas pessoas terão em sua vida serão uma moeda valiosa cada vez mais.&/Lembre-se que realização de um projeto com engajamento e desenvolvimento de competência dará o tom de seu portfólio. E nesse caso o mentor pode ajudar tanto na qualificação da solução desenhada quanto na validação de que você de fato entregou um produto de qualidade.&/Há mentores de todos os tipos, assim como projetos. A pergunta que precisa ser feita é o quanto se está levando a sério todo o investimento durante a formação acadêmica. &/A escolha dos seus mentores é apenas por conveniência ou você já assumiu a responsabilidade pelos parceiros que escolhe em seus projetos?&/', '2020-04-28 21:16:01.481', NULL, 0, 'descubra-por-que-o-mentor-pode-salvar-seu-projeto', 'Descubra por que o mentor pode salvar seu projeto', 3);

INSERT INTO artigos (id, conteudo, data_publicacao, descricao, destaque, slug, titulo, imagem_destaque_id, premium) VALUES(4, '5 motivos para ter um Projeto de Extensão no seu currículo&/Independente do momento em que você esteja em seu curso de graduação tenha em mente que esta é uma fase de preparação, de criar as bases para sua vida profissional e isso tem se tornado cada vez mais um divisor de águas.&/Ao sair dos muros de sua instituição de ensino você irá se deparar com demandas reais que nem sempre são iguais aos livros texto, ainda mais porque em cada situação as pessoas envolvidas são diferentes, desejam e exigem coisas de acordo com sua realidade.&/Os projetos de extensão são aqueles que visam fazer a ponte entre instituições de ensino e comunidade através de uma interação produtiva que transforma a realidade. E esta transformação não é só da comunidade, você pode e deveria se beneficiar dela, veja 5 motivos para isso:&/Prática. A primeira vantagem que você irá notar é a aplicação prática do que você tem estudado, isto irá ajudar a você ver a aplicação de seu curso, irá mostrar a você seu potencial e o que precisa ainda aprender e te dará um primeiro exemplo de atuação profissional em um ambiente controlado.&/Competências. Aprender a problematizar, diagnosticar a realidade e apontar soluções é uma habilidade que será utilizada em todas as áreas da vida e qualifica sua versatilidade para qualquer que seja a sua profissão&/Networking. Trabalhar atendendo a comunidade e criando soluções nos coloca em contato com diversos profissionais já estabelecidos no mercado de trabalho, criando sua rede de contatos de futuros colegas de profissão.&/Visibilidade. Ser reconhecido pela sua comunidade a partir do atendimento que realiza em projetos de extensão aumentam sua visibilidade para futuros empregadores além de começar a construir sua marca enquanto profissional&/Portfólio. Criar em seu currículo um portfólio de projetos em que você atuou junto à comunidade dará mais segurança para entrar no mercado de trabalho, afinal experiência prática é fator decisivo em contratação. &/E você, já havia pensando nestas vantagens? Tem aproveitado os projetos de extensão para criar seu portfólio profissional? Como anda seus planejamento para aumentar sua empregabilidade?&/', '2020-04-28 21:18:17.165', NULL, 1, '5-motivos-para-ter-um-projeto-de-extensao-no-seu-curriculo', '5 motivos para ter um Projeto de Extensão no seu currículo', 4, FALSE);

INSERT INTO artigos (id, conteudo, data_publicacao, descricao, destaque, slug, titulo, imagem_destaque_id, premium) VALUES(5, 'Convergência de mídia é um conceito que define a adaptação das mídias à internet, desenvolvido pelo professor Henry Jenkins, autor de doze livros, entre eles: “Cultura da Convergência” (New York University Press, 2003) e “Confrontando os desafios da cultura participatória: Mídia-educação para o século 21” (MIT Press, 2006). A convergência é caracterizada pela integração de elementos interativos à mídia, como infográficos, vídeos, imagens, sons, entre outros, e só se tornou factível pelo desenvolvimento das Tecnologias de Informação e Comunicação (TIC), resultando em uma estrutura social sem precedentes, fundamentada em redes, comunidades online e livre circulação de conteúdos.&/A nova estrutura cultural em desenvolvimento, também chamada de cibercultura, envolve mutações técnicas e sociais. Frequentemente nos deparamos com os conceitos: “liberdade de expressão”, “jogos multiplayer”, “realidade virtual”, “comunicação peer-to-peer”, “democratização do conhecimento e da cultura”, “inteligência coletiva”, que mostram direcionamentos para um novo paradigma de interação e aprendizado.&/Com a convergência de mídia, percebe-se o crescimento de ambientes de produção cultural e da comercialização de produtos de mídia e tecnologia. No entanto, a disseminação de ferramentas de Tecnologia e Comunicação por si não viabilizam soluções para a sociedade. Para tal, as TIC devem ser encaradas como uma nova forma de construção e retenção do conhecimento e não apenas representar um novo setor de exploração comercial.&/Um dos efeitos dessa exploração comercial revela-se na pesquisa realizada pela empresa americana Atomic Learning¹, que demonstrou que 80% das Instituições de Educação subutilizam os produtos tecnológicos que já adquiriram. Um dos motivos é porque, segundo a pesquisa, menos de 7% dos professores estão capacitados para integrar tecnologia às aulas, portanto não basta adquirir produtos tecnológicos, é preciso capacitar o corpo docente, além de definir estratégias de utilização e avaliação dessas tecnologias.&/Em tempos de convergência midiática, ferramentas como a gamificação de conteúdo, plataformas adaptativas, aprendizagem colaborativa e aplicativos móveis já são amplamente divulgadas. Novas ferramentas estão surgindo para auxiliar no aprendizado, avaliação e comunicação entre instituições e alunos, onde cada vez mais o aluno é protagonista do aprendizado e não apenas receptor de mensagens. Porém, para oferecer uma experiência relevante para o aluno é necessário saber como e quando integrar as Tecnologias de Informação e Comunicação às metodologias da IES.&/Belloni (2009 p. 10) lembra que a expectativa dos jovens é de que as universidades os preparem para compreender a sua época e desenvolver soluções para uma sociedade digital, e que as instituições de educação do século XXI continuam longe de responder a essa expectativa. Segundo divulgação da Microsoft², na próxima década 77% dos empregos exigirão habilidades tecnológicas, por isso temos que encarar um novo momento da educação, firmada na aprendizagem colaborativa e autônoma, onde a tecnologia e a mídia são ferramentas essenciais para o compartilhamento e aprimoramento do conhecimento em uma sociedade cada vez mais complexa e digital.&/REFERÊNCIAS:&/[1] http://thumbnails-visually.netdna-ssl.com/technology-integrations-proven-impact-on-students_53445401836f2_w1500.png&/[2] http://thumbnails-visually.netdna-ssl.com/education-by-the-numbers_50290a5a38fa9.jpg&/Artigo escrito para Hoper Educação', '2015-03-09 21:18:17.165', NULL, 0, 'os-efeitos-da-convergencia-midiatica-na-educacao', 'Os efeitos da convergência midiática na educação', 5, FALSE);

--- RELAÇÕES
--- ARTIGOS x CATEGORIAS
INSERT INTO artigos_categorias (artigo_id, categorias_id) VALUES(1, 1);
INSERT INTO artigos_categorias (artigo_id, categorias_id) VALUES(2, 3);
INSERT INTO artigos_categorias (artigo_id, categorias_id) VALUES(2, 1);
INSERT INTO artigos_categorias (artigo_id, categorias_id) VALUES(3, 1);
INSERT INTO artigos_categorias (artigo_id, categorias_id) VALUES(3, 2);
INSERT INTO artigos_categorias (artigo_id, categorias_id) VALUES(4, 4);
INSERT INTO artigos_categorias (artigo_id, categorias_id) VALUES(4, 5);
INSERT INTO artigos_categorias (artigo_id, categorias_id) VALUES(5, 6);
INSERT INTO artigos_categorias (artigo_id, categorias_id) VALUES(5, 7);


--- ARTIGOS x AUTORES
INSERT INTO artigos_autores (artigo_id, autores_id) VALUES(1, 1);
INSERT INTO artigos_autores (artigo_id, autores_id) VALUES(2, 1);
INSERT INTO artigos_autores (artigo_id, autores_id) VALUES(3, 1);
INSERT INTO artigos_autores (artigo_id, autores_id) VALUES(4, 1);
INSERT INTO artigos_autores (artigo_id, autores_id) VALUES(5, 2);
